{
  "precision": 0.05478547854785479,
  "recall": 0.8736842105263158,
  "f1": 0.1031055900621118,
  "roc_auc": 0.9616313736274457,
  "pr_auc": 0.6751353963115406
}