{
  "precision": 0.02469521725539231,
  "recall": 0.8315789473684211,
  "f1": 0.04796599878567092,
  "roc_auc": 0.8882227191604366,
  "pr_auc": 0.0208179809699705
}